Ch1 Amplitude,Ch2 Amplitude,Cluster
-59.6997452,550.857239,1
-41.4300575,531.847839,1
-36.47414,508.983917,1
-36.3263359,561.698669,1
-35.57954,519.4011,1
-35.57444,527.301453,1
-35.3918343,566.9305,1
-34.42546,537.9219,1
-33.7532158,531.5729,1
-33.6484528,548.289,1
-33.49339,604.850037,1
-33.2975,523.207,1
-33.2137,541.0542,1
-32.86239,522.7912,1
-32.53459,486.665527,1
-32.1574135,557.900635,1
-31.5329361,521.3885,1
-30.8845577,505.510864,1
-30.4075565,551.904663,1
-30.1284561,520.5066,1
-29.9914932,515.630554,1
-29.5963287,544.1805,1
-28.6103916,530.3697,1
-26.7521248,539.347656,1
-26.6680584,517.744,1
-26.2213478,582.263,1
-26.1731,541.4059,1
-26.0854263,522.227661,1
-26.0185127,495.856384,1
-25.8843269,492.232239,1
-25.8061275,595.565857,1
-25.5209351,541.955139,1
-25.1033115,512.487732,1
-24.1534653,557.971863,1
-23.435709,522.777954,1
-23.41185,552.997742,1
-23.3778915,514.7168,1
-23.194149,527.472046,1
-22.9298286,540.636963,1
-22.824995,497.5309,1
-22.7365551,516.740234,1
-22.6345844,533.0526,1
-22.40773,509.2967,1
-22.2851181,508.73642,1
-22.2770233,532.6885,1
-22.1329975,517.6373,1
-22.0623932,508.184631,1
-21.590374,545.2768,1
-21.393528,545.2229,1
-21.1918812,549.612,1
-21.1864185,528.028259,1
-21.13353,536.986938,1
-21.0928268,543.5657,1
-20.9465313,496.304077,1
-20.9381428,486.301483,1
-20.9272785,503.5443,1
-20.9128418,576.44,1
-20.8807735,517.7634,1
-20.8411274,560.122559,1
-20.7206211,511.3455,1
-20.5613174,520.1748,1
-20.3111954,555.5572,1
-20.1483326,548.7733,1
-20.06984,528.677551,1
-20.06939,475.559143,1
-20.0638523,520.3476,1
-19.7963085,538.004761,1
-19.662096,545.2437,1
-19.3331528,496.0854,1
-19.3146362,545.9077,1
-19.0684471,532.513,1
-19.0503025,516.4526,1
-19.0488358,500.7846,1
-18.9570446,535.567261,1
-18.8140774,518.724,1
-18.7063541,514.2654,1
-18.4917278,505.41922,1
-18.4027672,564.8728,1
-18.3586311,521.2983,1
-18.3235111,524.3899,1
-18.2766171,489.982635,1
-18.2193336,492.14624,1
-18.1193027,554.5078,1
-18.1037312,541.4137,1
-17.9307327,534.1291,1
-17.8494663,485.956482,1
-17.8334923,538.8466,1
-17.7867126,565.8727,1
-17.7458382,501.4054,1
-17.6787739,537.259338,1
-17.6678715,544.491,1
-17.6252174,515.2945,1
-17.5935516,553.433044,1
-17.54031,525.513245,1
-17.421175,527.8484,1
-17.4200268,545.0947,1
-17.3776417,495.655457,1
-17.3015823,500.834381,1
-17.2201881,589.2719,1
-17.0464382,529.8877,1
-16.870079,557.346252,1
-16.8442211,527.0111,1
-16.7424583,532.1883,1
-16.7146378,536.0037,1
-16.7057056,520.597961,1
-16.5906754,544.9771,1
-16.5828514,544.981567,1
-16.5322647,527.4264,1
-16.2722034,581.0068,1
-16.26111,581.9911,1
-16.25889,549.2593,1
-16.2152138,533.640747,1
-16.04743,659.2742,1
-16.04251,510.0452,1
-16.0213585,513.8206,1
-15.8628826,491.3981,1
-15.6744461,512.842651,1
-15.6662693,535.853333,1
-15.6207933,519.3675,1
-15.5591593,525.471558,1
-15.2885122,545.1321,1
-15.2510176,514.8398,1
-15.2386084,543.1615,1
-15.1773891,531.2268,1
-15.0951986,512.978,1
-14.7697306,539.1636,1
-14.7198591,523.5235,1
-14.62282,556.465332,1
-14.5756607,550.2813,1
-14.5434494,524.570068,1
-14.4617224,502.2621,1
-14.444706,488.376648,1
-14.3507051,538.023743,1
-14.3493805,500.7689,1
-14.331624,539.663757,1
-14.284976,554.4069,1
-14.0867271,505.213257,1
-14.02106,511.231964,1
-14.0028315,485.353333,1
-13.8643379,518.500732,1
-13.7212324,556.5383,1
-13.7071791,571.0047,1
-13.5331411,467.048828,1
-13.3648329,523.4555,1
-13.2003393,548.5027,1
-13.1928339,527.2559,1
-13.1201687,481.482056,1
-13.1105671,490.4499,1
-13.0508547,509.360443,1
-13.0468235,529.8974,1
-13.010067,546.8338,1
-12.922554,508.8393,1
-12.9101934,514.0797,1
-12.85336,568.9567,1
-12.75539,548.935669,1
-12.7398968,492.7211,1
-12.7059069,526.9714,1
-12.6770048,533.5929,1
-12.6706543,494.241119,1
-12.52733,573.663635,1
-12.5151329,519.0391,1
-12.5143642,557.7505,1
-12.4946995,500.432159,1
-12.4748287,503.242157,1
-12.4537973,548.3739,1
-12.2426605,506.9014,1
-12.0155411,503.515442,1
-12.0031691,507.794556,1
-11.9192762,527.330139,1
-11.6193848,545.738647,1
-11.6044645,488.463043,1
-11.5385027,493.738678,1
-11.529336,523.4983,1
-11.4933167,495.847534,1
-11.4516239,626.4413,1
-11.4247694,554.5161,1
-11.41097,484.036865,1
-11.3678417,552.82196,1
-11.3404655,501.5748,1
-11.2624664,521.0067,1
-11.2418289,550.4443,1
-11.2331657,501.530731,1
-11.1816454,478.8176,1
-11.086091,560.0181,1
-11.0739861,497.9022,1
-11.0554914,503.567,1
-11.0224953,525.4905,1
-10.9231071,516.3451,1
-10.8848248,452.9399,1
-10.8715992,548.6473,1
-10.8225384,515.6348,1
-10.798872,482.1977,1
-10.7673693,529.1564,1
-10.7171917,566.908142,1
-10.70892,564.9213,1
-10.6675806,526.582642,1
-10.60307,530.1286,1
-10.5335159,471.3598,1
-10.4650774,580.2022,1
-10.3873472,468.4942,1
-10.2720795,501.429535,1
-10.2549448,527.2284,1
-10.2071543,521.7069,1
-10.2067642,528.5976,1
-10.0749636,494.1099,1
-10.0477734,542.8063,1
-9.962923,503.64502,1
-9.95893,499.982758,1
-9.758487,555.2031,1
-9.735698,488.559479,1
-9.696736,522.2787,1
-9.664825,566.50885,1
-9.63368,486.942444,1
-9.632265,558.26886,1
-9.618041,510.798462,1
-9.592233,553.706,1
-9.520177,591.089,1
-9.510248,493.4902,1
-9.470084,496.407318,1
-9.455308,523.2559,1
-9.402764,475.798645,1
-9.391208,483.2334,1
-9.341262,486.631256,1
-9.338211,543.191833,1
-9.325185,506.330658,1
-9.318704,570.6433,1
-9.203678,525.068,1
-9.182214,533.6421,1
-9.152187,499.5828,1
-9.132382,570.118347,1
-9.095274,524.8966,1
-9.027344,532.99884,1
-8.999943,525.2016,1
-8.976233,486.553253,1
-8.962627,538.319031,1
-8.955202,502.3404,1
-8.927057,479.47113,1
-8.909005,464.640167,1
-8.868585,534.5151,1
-8.867322,538.434,1
-8.772515,450.370758,1
-8.756669,500.892059,1
-8.713297,486.06955,1
-8.711475,569.5789,1
-8.674481,501.3891,1
-8.662701,503.9609,1
-8.641388,482.7286,1
-8.583617,563.7637,1
-8.536861,493.464722,1
-8.498478,518.2834,1
-8.455818,466.879181,1
-8.446109,513.5051,1
-8.425154,493.135864,1
-8.414103,561.397461,1
-8.408843,526.2561,1
-8.3510685,533.409668,1
-8.309735,531.6232,1
-8.28936,468.517761,1
-8.262229,466.792969,1
-8.130016,516.9029,1
-8.081354,527.1967,1
-8.048712,496.789063,1
-8.018912,504.505432,1
-8.013308,528.4926,1
-7.95466137,524.4385,1
-7.94080973,523.5089,1
-7.90875626,507.136261,1
-7.90061855,470.4355,1
-7.88815451,487.366455,1
-7.828028,499.9283,1
-7.79245472,515.420654,1
-7.63455153,528.131,1
-7.556949,547.0127,1
-7.54886627,496.471252,1
-7.47825,575.0679,1
-7.463713,479.038544,1
-7.44628143,498.6749,1
-7.270878,471.320679,1
-7.2521677,487.711945,1
-7.220993,494.8853,1
-7.172342,509.18924,1
-7.12825537,507.622559,1
-7.058032,519.066467,1
-7.04335546,510.6266,1
-7.041323,518.2791,1
-7.033735,486.798584,1
-6.952906,512.838867,1
-6.921924,479.613,1
-6.70832443,514.3952,1
-6.63641548,557.269165,1
-6.5151186,493.516876,1
-6.50171041,534.916443,1
-6.47604275,549.30896,1
-6.475549,528.7871,1
-6.470913,549.9216,1
-6.434968,497.464661,1
-6.31548834,475.103668,1
-6.278741,499.7922,1
-6.17727852,491.033142,1
-6.169947,540.5976,1
-6.15519667,472.9474,1
-6.15313625,512.8333,1
-6.148006,551.906,1
-6.1477,520.069641,1
-6.14729071,522.778,1
-6.14634371,496.474731,1
-6.14039135,489.156067,1
-6.11478043,500.4849,1
-6.113158,535.2096,1
-6.05164,534.3258,1
-5.95702553,494.39444,1
-5.89895344,519.231567,1
-5.880789,479.4514,1
-5.85786772,567.1353,1
-5.85019827,487.787354,1
-5.842947,515.269043,1
-5.840932,512.729248,1
-5.833812,481.0366,1
-5.8333025,561.391052,1
-5.80113459,494.033966,1
-5.79424047,491.179382,1
-5.75152636,473.158966,1
-5.67752,506.051758,1
-5.57749748,583.5523,1
-5.575686,480.9229,1
-5.51055,489.7106,1
-5.493944,483.23172,1
-5.39080143,493.477417,1
-5.35928631,524.348755,1
-5.3015523,468.9184,1
-5.29506159,505.75235,1
-5.285032,510.038849,1
-5.248593,541.845154,1
-5.17519569,596.135437,1
-5.17103148,506.823181,1
-5.16599369,490.0731,1
-5.15666151,508.412781,1
-5.097236,488.8863,1
-5.066393,501.899536,1
-5.02747,459.784027,1
-5.006768,500.299377,1
-4.962422,560.1403,1
-4.961087,505.824615,1
-4.88699865,522.970764,1
-4.85529041,514.7803,1
-4.80526257,471.385254,1
-4.724792,501.24408,1
-4.723682,523.850464,1
-4.70288944,514.076538,1
-4.701641,485.226837,1
-4.68238926,498.767273,1
-4.67851973,530.9578,1
-4.65399361,502.1345,1
-4.62555361,522.4147,1
-4.60125637,494.963562,1
-4.55006,504.9038,1
-4.544601,490.6026,1
-4.537399,459.7075,1
-4.50047064,519.165955,1
-4.48049545,505.499664,1
-4.44838238,487.363556,1
-4.39493752,499.060547,1
-4.37618256,488.69342,1
-4.36480427,515.8985,1
-4.36323929,482.493744,1
-4.33976364,547.8461,1
-4.32998,537.67926,1
-4.32109356,477.790771,1
-4.255956,529.0248,1
-4.23683167,512.0932,1
-4.22319126,497.486023,1
-4.19944334,536.1129,1
-4.108095,483.601349,1
-4.09852552,527.2764,1
-4.0856986,467.188049,1
-4.027738,560.792542,1
-4.008651,483.830566,1
-3.93864465,578.097961,1
-3.93490648,463.7322,1
-3.88321567,524.48,1
-3.818164,545.7367,1
-3.809335,517.612366,1
-3.610429,535.5689,1
-3.59428,500.865143,1
-3.56222272,475.449524,1
-3.49229765,472.010468,1
-3.46926546,496.879456,1
-3.46078849,479.9346,1
-3.44932556,475.331635,1
-3.43301368,456.3524,1
-3.43291974,475.583557,1
-3.42979383,487.333344,1
-3.398284,541.0038,1
-3.366886,594.0043,1
-3.30177259,469.594543,1
-3.250104,530.6238,1
-3.068369,499.230774,1
-3.03741145,502.494537,1
-3.0172565,528.4315,1
-2.99178433,504.23175,1
-2.98809338,515.900146,1
-2.979153,473.9405,1
-2.936884,465.313934,1
-2.93228531,474.673218,1
-2.92485619,503.96228,1
-2.885568,486.4,1
-2.86253834,517.240967,1
-2.85572076,509.589447,1
-2.84193373,482.171753,1
-2.811167,559.4135,1
-2.75298238,496.581177,1
-2.73713756,495.2872,1
-2.73478913,511.090363,1
-2.72503161,482.20813,1
-2.72077513,486.556549,1
-2.71261668,512.9845,1
-2.70750761,478.9063,1
-2.70243144,455.337646,1
-2.687509,489.6515,1
-2.68130088,483.9588,1
-2.6589222,494.270233,1
-2.62047148,523.304,1
-2.61227751,543.5567,1
-2.59157228,480.87674,1
-2.56545734,540.6246,1
-2.51518822,498.247467,1
-2.510975,494.015381,1
-2.5048542,504.370361,1
-2.44925261,514.849243,1
-2.43443441,462.22998,1
-2.420157,483.098267,1
-2.40743542,490.670227,1
-2.35116744,506.22406,1
-2.34091759,561.816833,1
-2.32065463,494.746857,1
-2.29144359,528.7406,1
-2.285436,549.5692,1
-2.241873,531.000732,1
-2.21898,520.0634,1
-2.20943046,553.7894,1
-2.201077,485.786255,1
-2.15641618,495.518677,1
-2.149391,519.9346,1
-2.11908436,525.8261,1
-2.113778,541.4567,1
-2.11126518,531.3784,1
-2.05826187,459.272461,1
-2.012763,533.1812,1
-2.00075769,497.799,1
-1.96233678,481.516754,1
-1.944364,467.7283,1
-1.92885327,495.0041,1
-1.9238795,458.687836,1
-1.90395784,500.575317,1
-1.87735438,469.138763,1
-1.86107934,495.350647,1
-1.85398889,507.133331,1
-1.79348,550.7011,1
-1.7712239,471.5638,1
-1.74769449,516.6808,1
-1.69084418,481.963837,1
-1.67093933,529.5275,1
-1.63508391,512.9887,1
-1.624615,529.6654,1
-1.58464932,494.358032,1
-1.58252048,526.930359,1
-1.57273281,534.7372,1
-1.57142973,529.6287,1
-1.56416142,480.133972,1
-1.534269,542.8138,1
-1.51020694,536.7325,1
-1.491528,464.324615,1
-1.4017669,536.786438,1
-1.39369988,519.5278,1
-1.343397,569.4407,1
-1.29844785,505.611664,1
-1.28018022,494.179565,1
-1.26208663,475.306976,1
-1.25035191,479.0837,1
-1.23381293,501.9318,1
-1.19713116,511.6218,1
-1.19033134,496.5654,1
-1.15094042,500.577942,1
-1.03794026,484.972656,1
-0.904670537,545.250549,1
-0.855958641,499.087128,1
-0.8476211,486.598236,1
-0.8366607,512.494141,1
-0.8052148,536.4233,1
-0.7619656,533.086243,1
-0.7553906,506.0779,1
-0.7159248,542.8906,1
-0.7158704,472.014832,1
-0.6939252,512.2134,1
-0.6690221,497.82547,1
-0.5768682,505.56842,1
-0.54183346,544.7425,1
-0.536581039,508.800781,1
-0.5135817,479.7563,1
-0.512522161,520.706055,1
-0.509202242,485.164825,1
-0.455239683,584.1189,1
-0.425513655,482.207825,1
-0.406583428,528.1117,1
-0.386427432,492.277679,1
-0.382686824,488.092468,1
-0.379773557,479.7307,1
-0.372707456,593.91,1
-0.3405269,507.279541,1
-0.31703037,543.4359,1
-0.315613,504.417816,1
-0.264304131,486.710083,1
-0.248397678,520.494751,1
-0.235300064,524.8607,1
-0.172992453,540.090149,1
-0.164013937,514.0603,1
-0.0752013549,546.402649,1
-0.07204677,479.863,1
-0.0693363845,471.2272,1
-0.0218189862,524.326,1
-0.00227837032,507.686676,1
0.0398548022,452.726929,1
0.0422156937,493.920258,1
0.0429739542,484.603455,1
0.04804707,462.6702,1
0.04866977,490.690674,1
0.09718636,495.85083,1
0.165807724,532.124,1
0.189697877,504.444672,1
0.205674335,533.855469,1
0.243186474,533.8114,1
0.253242582,510.853943,1
0.324928552,497.431244,1
0.330302417,514.195,1
0.4402516,509.682434,1
0.469426453,480.6148,1
0.49239254,469.753571,1
0.5713029,507.036957,1
0.5761741,469.365143,1
0.607687652,497.280182,1
0.6403795,473.9244,1
0.653375566,477.337646,1
0.65690136,484.399933,1
0.661409736,532.288147,1
0.665610135,508.039917,1
0.7059928,493.4628,1
0.767941535,492.864044,1
0.780694067,455.481476,1
0.7815553,498.192871,1
0.798427641,532.3361,1
0.841695964,484.3272,1
0.8743558,525.4576,1
0.8884586,482.98645,1
0.893058658,516.658752,1
0.9557489,482.61673,1
0.9873067,496.4324,1
1.02905214,478.0416,1
1.0337137,484.3155,1
1.11539006,532.1769,1
1.12227726,494.809845,1
1.13067031,507.1359,1
1.13409173,492.777832,1
1.16838646,518.962646,1
1.215497,456.105652,1
1.23286164,489.564484,1
1.23692393,506.595154,1
1.29782224,501.74884,1
1.30622911,535.4416,1
1.30671167,502.583374,1
1.3553108,505.253479,1
1.4014256,572.12384,1
1.41513145,530.4551,1
1.41906846,485.233063,1
1.46493912,500.675568,1
1.49399745,498.809784,1
1.52340412,500.145233,1
1.54562879,483.0211,1
1.58367348,478.708618,1
1.65658331,528.1983,1
1.67957461,469.92923,1
1.69403481,458.275482,1
1.70124245,514.287659,1
1.71596551,537.5473,1
1.71852148,536.3191,1
1.78499448,541.6904,1
1.80757833,488.97348,1
1.84429407,571.5097,1
1.86529052,483.6498,1
1.87441087,469.3786,1
1.88527274,518.4094,1
1.91325974,572.782837,1
1.947104,486.94046,1
2.01959634,474.2906,1
2.086314,459.9073,1
2.10095119,507.5196,1
2.12648749,494.804077,1
2.30380273,636.559,1
2.30753922,479.969757,1
2.32021475,487.26178,1
2.32644,499.233856,1
2.34377027,488.949249,1
2.398349,487.760773,1
2.40455651,516.003967,1
2.41439366,494.8787,1
2.41450524,489.087616,1
2.42366624,518.3133,1
2.442316,537.832031,1
2.487789,475.411163,1
2.48948812,500.997772,1
2.53048873,502.234436,1
2.531593,468.9074,1
2.55258322,518.3494,1
2.56199384,494.9699,1
2.58810973,520.1765,1
2.603107,480.3601,1
2.65586567,562.3721,1
2.70034027,489.0422,1
2.813547,514.7345,1
2.86932278,470.625244,1
2.90976572,464.467621,1
2.93236256,524.8899,1
2.96746969,500.369873,1
3.00164843,476.367554,1
3.01582479,518.3795,1
3.04979944,492.008667,1
3.0666225,501.3878,1
3.06959581,477.4514,1
3.07417941,485.550873,1
3.1196425,509.930359,1
3.13529539,466.043274,1
3.15149188,500.346741,1
3.16543126,476.286835,1
3.19284678,499.381439,1
3.233686,519.417,1
3.270677,535.731445,1
3.27667856,547.0186,1
3.31481457,572.8563,1
3.31856346,586.361267,1
3.32480335,545.0747,1
3.3630712,538.0259,1
3.40035725,521.530762,1
3.42465043,529.144348,1
3.44707346,505.641357,1
3.5167284,506.583954,1
3.52592635,474.0058,1
3.67370844,577.1463,1
3.72283673,495.636078,1
3.723426,536.319,1
3.728183,484.76004,1
3.73697519,537.157349,1
3.74881768,452.436951,1
3.848121,505.436981,1
3.87954021,455.114868,1
3.98126149,467.0709,1
3.98579764,444.9392,1
3.99178767,457.7228,1
3.993541,498.9866,1
4.05001,491.139923,1
4.077002,489.021759,1
4.12788153,494.996,1
4.189772,509.863831,1
4.19024324,462.097015,1
4.19932461,514.6571,1
4.20091867,465.147278,1
4.230242,470.183136,1
4.237806,477.6192,1
4.249353,465.4911,1
4.254374,522.3451,1
4.25757742,522.0909,1
4.28061342,488.119049,1
4.28997374,472.7531,1
4.30221176,470.584351,1
4.30865431,475.0275,1
4.321985,497.897339,1
4.401814,536.570435,1
4.45378971,497.179321,1
4.45407963,517.350037,1
4.48858,508.180328,1
4.496039,535.034668,1
4.52739954,466.960632,1
4.58577633,484.221375,1
4.590659,498.696838,1
4.65822744,504.291321,1
4.6650157,496.272675,1
4.71234035,551.5613,1
4.722944,510.407959,1
4.75234,607.1625,1
4.75518465,508.3665,1
4.782283,529.0843,1
4.84479475,491.0351,1
4.86633968,512.4218,1
4.875415,540.748047,1
4.907406,471.938324,1
4.91369867,482.483521,1
4.91685534,502.915161,1
4.938798,505.97113,1
4.94307232,500.642578,1
4.96003532,477.6644,1
5.00053,481.390472,1
5.00850868,543.5366,1
5.01281166,511.343964,1
5.01418734,539.028931,1
5.01836443,505.777252,1
5.021201,508.090332,1
5.026936,464.525726,1
5.04082966,552.383,1
5.068032,502.740723,1
5.08211,554.0292,1
5.08830547,549.693665,1
5.11371136,520.0837,1
5.117963,510.548462,1
5.1342063,504.92688,1
5.15249,479.104034,1
5.20160151,493.8638,1
5.25001431,453.419,1
5.288417,512.1353,1
5.289235,501.0266,1
5.29655,513.072937,1
5.29744959,507.68573,1
5.30047941,522.6966,1
5.3265233,513.380432,1
5.3589797,484.206573,1
5.366215,475.6098,1
5.37496471,483.0171,1
5.400886,458.624176,1
5.418912,506.55014,1
5.427906,544.098938,1
5.43386745,526.675049,1
5.46986341,485.200439,1
5.47239351,539.998169,1
5.4890027,460.0626,1
5.528566,523.4213,1
5.592871,498.004272,1
5.604436,580.4861,1
5.663996,477.2187,1
5.68689537,479.834381,1
5.6880064,490.952454,1
5.69129372,499.205658,1
5.69790936,511.112762,1
5.707433,448.7496,1
5.733595,485.068726,1
5.80357933,479.636566,1
5.80705452,508.22168,1
5.826115,477.841736,1
5.82817268,504.712738,1
5.835313,534.253235,1
5.841554,516.8524,1
5.84475327,559.6925,1
5.87340355,625.717,1
5.87921762,482.526337,1
5.88147,510.68042,1
5.8896637,507.837982,1
5.90746927,473.888245,1
5.93092155,523.9278,1
5.95316744,606.1771,1
5.95951128,476.4592,1
5.96118355,524.4408,1
5.97061729,526.871765,1
6.01901,498.376923,1
6.041082,488.739746,1
6.056342,549.342468,1
6.06338,490.954437,1
6.079082,524.1329,1
6.085704,565.8753,1
6.102248,500.434784,1
6.108653,510.9445,1
6.115357,587.292664,1
6.2054534,474.4176,1
6.26855,482.4554,1
6.277271,516.409668,1
6.28492928,559.1747,1
6.32113361,470.7071,1
6.345599,491.4578,1
6.35954952,495.5266,1
6.37308931,519.471741,1
6.38542032,522.865356,1
6.398142,465.037,1
6.40543175,483.16,1
6.430312,478.719727,1
6.430727,466.3465,1
6.50754261,485.8028,1
6.56224,514.062866,1
6.596072,478.932037,1
6.63539267,531.4963,1
6.643302,510.568024,1
6.658167,513.978333,1
6.66854,479.093475,1
6.674612,461.319366,1
6.678314,497.524323,1
6.68763733,498.443085,1
6.690272,457.4378,1
6.74565,496.544067,1
6.770211,486.067017,1
6.800711,495.526581,1
6.8326335,491.559479,1
6.83291245,533.2919,1
6.85300732,515.906,1
6.85466146,453.068939,1
6.87204266,521.1852,1
6.88002348,596.303345,1
6.882746,460.3338,1
6.93454361,466.362183,1
6.94073153,550.9579,1
6.951921,512.3732,1
6.965739,524.275452,1
6.96658325,522.5735,1
6.975118,552.4712,1
6.975324,542.1527,1
6.989764,504.4739,1
6.990158,502.459259,1
7.010833,508.058167,1
7.02033043,485.189575,1
7.02341843,470.989563,1
7.031494,495.884064,1
7.03426838,456.468719,1
7.07344675,458.2938,1
7.08334255,521.5917,1
7.103673,444.3005,1
7.10915947,528.7032,1
7.11982059,468.949646,1
7.13787556,487.9591,1
7.14150953,510.610931,1
7.160214,486.176422,1
7.167669,568.6269,1
7.186611,492.605865,1
7.188618,512.511047,1
7.21136141,476.83313,1
7.231853,468.308,1
7.24201441,522.399841,1
7.250268,518.2747,1
7.26899147,491.7328,1
7.281191,480.554718,1
7.2843523,514.4728,1
7.30562449,509.995361,1
7.31285572,646.6126,1
7.31846571,529.011841,1
7.320259,461.4089,1
7.374871,518.6367,1
7.39215374,509.999329,1
7.41636324,498.9155,1
7.41681147,525.8198,1
7.428756,501.7152,1
7.4620657,533.8595,1
7.48450947,491.349243,1
7.515058,488.503967,1
7.518175,472.0503,1
7.52342653,504.514,1
7.524027,540.126038,1
7.533356,516.7862,1
7.57914543,510.196838,1
7.60155,483.412231,1
7.61826658,487.5827,1
7.641324,480.9849,1
7.64138269,517.6665,1
7.64676237,483.133636,1
7.67825747,463.708649,1
7.69935,468.9579,1
7.70569658,455.514984,1
7.737393,520.998962,1
7.747655,521.3164,1
7.76827765,444.94458,1
7.768455,487.27536,1
7.770912,462.2027,1
7.77736425,534.0478,1
7.795882,525.694031,1
7.826016,484.693878,1
7.839847,487.997559,1
7.85032558,463.786621,1
7.87988,494.654419,1
7.948785,511.6917,1
7.96012068,466.7201,1
7.9709177,481.49118,1
7.974481,471.391479,1
7.97986031,481.576447,1
7.99942541,473.102,1
8.045216,492.038635,1
8.153131,472.336,1
8.154355,504.028839,1
8.164538,502.4359,1
8.179162,500.133636,1
8.27972,530.0431,1
8.296275,533.608459,1
8.296479,533.1899,1
8.317072,529.3971,1
8.322852,479.063934,1
8.327948,513.0386,1
8.37884,473.971741,1
8.397577,510.792847,1
8.423289,516.066833,1
8.43359,514.2466,1
8.463565,527.4476,1
8.471295,523.9352,1
8.472285,503.121277,1
8.480124,455.698975,1
8.489328,494.04248,1
8.498032,525.512268,1
8.531995,545.623352,1
8.535923,495.254517,1
8.560268,535.8243,1
8.562681,493.728455,1
8.601947,495.92218,1
8.605344,471.7465,1
8.609094,450.344452,1
8.615324,506.9603,1
8.62536,480.409821,1
8.633029,498.481628,1
8.634385,518.1395,1
8.634761,478.740753,1
8.637825,502.795319,1
8.670268,528.3653,1
8.711122,460.7542,1
8.724908,535.0014,1
8.7669735,463.1696,1
8.778068,464.157928,1
8.822679,528.049866,1
8.83229,488.9774,1
8.849221,495.153137,1
8.861443,490.907135,1
8.861842,497.738831,1
8.896247,461.855835,1
8.897723,490.1351,1
8.918679,485.930359,1
8.959928,486.6214,1
8.97199249,478.915558,1
8.984048,492.633484,1
8.993428,532.3591,1
8.997359,501.174561,1
9.002712,515.514832,1
9.003,546.425232,1
9.008573,479.426331,1
9.047598,467.162048,1
9.095653,478.688263,1
9.1468,518.171448,1
9.152235,478.36438,1
9.157704,477.1395,1
9.166276,478.605072,1
9.170096,551.0463,1
9.178835,467.6823,1
9.1821785,463.135132,1
9.194309,507.931519,1
9.232418,518.0311,1
9.26468849,475.84375,1
9.265954,526.297241,1
9.303601,499.0769,1
9.323076,483.196533,1
9.339605,469.3894,1
9.34509,479.13028,1
9.354837,477.94574,1
9.36286,535.4432,1
9.369356,501.158722,1
9.379204,467.0819,1
9.391042,537.8849,1
9.404346,513.230164,1
9.472471,466.2093,1
9.490081,490.9805,1
9.502567,500.534424,1
9.507846,532.941162,1
9.538699,471.9307,1
9.539422,520.3067,1
9.547789,460.80603,1
9.570338,535.6508,1
9.593091,512.7626,1
9.598429,467.5163,1
9.629805,505.7037,1
9.655867,486.241364,1
9.665695,505.350769,1
9.675589,465.084564,1
9.69726,480.296265,1
9.717738,461.681244,1
9.723936,466.460968,1
9.7342205,477.8512,1
9.801886,489.5134,1
9.813426,509.925354,1
9.815923,459.7051,1
9.828028,489.1648,1
9.8313,497.5089,1
9.866824,539.1697,1
9.868035,472.684082,1
9.878882,498.4326,1
9.904841,499.962,1
9.91289,492.545135,1
9.920078,474.686035,1
9.92338,468.546051,1
9.924973,487.866241,1
9.930169,507.761353,1
9.935827,500.1689,1
9.940284,526.614,1
9.988807,473.187378,1
9.991152,498.386444,1
10.01627,493.7486,1
10.0419073,537.0356,1
10.0480843,465.505157,1
10.052125,464.032074,1
10.0777168,492.528,1
10.0792265,483.790833,1
10.08401,468.5991,1
10.08794,461.456573,1
10.0934553,564.976746,1
10.1055756,502.009216,1
10.116725,526.124939,1
10.1502571,448.467468,1
10.1801586,519.880432,1
10.2010422,523.766541,1
10.2209072,464.73996,1
10.2271,520.14624,1
10.2475519,506.558929,1
10.257946,468.126434,1
10.26619,498.780457,1
10.2716913,481.035065,1
10.2921886,498.7104,1
10.2923374,534.357056,1
10.3462973,515.119934,1
10.3544216,486.383942,1
10.3948631,453.9936,1
10.4012947,493.187439,1
10.4047995,477.5882,1
10.4087582,511.697021,1
10.4109707,490.035675,1
10.4347153,511.51532,1
10.4443512,495.508057,1
10.4747353,572.5378,1
10.4860983,461.6473,1
10.4885721,480.6305,1
10.5034561,499.926819,1
10.533884,504.4485,1
10.5374126,533.846741,1
10.5614414,510.126221,1
10.5669346,479.2133,1
10.596817,495.494751,1
10.6073809,483.187134,1
10.6108561,464.2917,1
10.6470118,477.499329,1
10.6623526,470.630432,1
10.6920986,491.2529,1
10.7813091,524.848938,1
10.7922812,470.1526,1
10.8040724,474.0331,1
10.8096409,485.467743,1
10.8212709,502.642822,1
10.8312435,495.746521,1
10.841012,526.731262,1
10.844779,456.413147,1
10.9110508,483.5802,1
10.921545,517.0903,1
10.9249687,474.679871,1
10.9263306,536.87915,1
10.9418907,471.7051,1
10.9615116,477.335083,1
10.9790869,480.770782,1
10.987258,457.086823,1
11.0270681,525.957764,1
11.0324745,497.773132,1
11.0593758,514.857239,1
11.0731678,431.558624,1
11.081007,481.999969,1
11.086915,495.5052,1
11.0960484,452.162,1
11.0968246,488.9601,1
11.09911,538.1603,1
11.1075315,504.7713,1
11.1236763,499.8651,1
11.1300564,537.5571,1
11.1771479,493.6287,1
11.1817007,540.4539,1
11.2106323,560.58606,1
11.2185373,512.282349,1
11.2466354,484.6888,1
11.247613,488.5754,1
11.2766352,559.007263,1
11.2845354,503.6159,1
11.289938,523.402039,1
11.2976952,496.039734,1
11.3201675,487.9436,1
11.3202963,459.444061,1
11.3233318,506.075836,1
11.3632507,465.8352,1
11.3819036,476.506866,1
11.4544029,638.7206,1
11.4565439,469.169922,1
11.4821882,513.0728,1
11.5228539,565.306641,1
11.5494986,492.74585,1
11.5685434,496.328857,1
11.6060543,517.478943,1
11.6211615,477.6246,1
11.6217041,477.024872,1
11.65182,461.307556,1
11.6630831,478.9295,1
11.6712446,522.5563,1
11.6806183,474.779327,1
11.6897745,518.835,1
11.6976633,551.616455,1
11.7331467,471.4108,1
11.7510586,500.4013,1
11.75278,487.858154,1
11.7552614,483.5465,1
11.7592354,514.1646,1
11.7971287,467.6109,1
11.8196039,518.3411,1
11.8426981,497.704254,1
11.8586979,498.95517,1
11.89044,447.624176,1
11.9015226,532.959656,1
11.9072742,484.775177,1
11.9148235,627.2188,1
11.919014,511.282623,1
11.9201088,514.619446,1
11.92166,496.970673,1
11.9318123,484.96344,1
11.9851522,490.5598,1
12.012,480.559631,1
12.0142546,465.8471,1
12.0451365,477.508423,1
12.0945692,526.3192,1
12.1036415,500.879852,1
12.1257572,500.149567,1
12.1274786,480.191956,1
12.1838808,445.0088,1
12.2012978,467.969482,1
12.2117233,480.795837,1
12.2524567,482.6884,1
12.2694893,457.1988,1
12.2712765,482.551758,1
12.2990074,491.726135,1
12.3003454,464.027252,1
12.3126583,483.906036,1
12.3137789,478.879761,1
12.3138409,474.96994,1
12.3157082,468.673523,1
12.3284235,488.979126,1
12.3516569,512.528931,1
12.3592491,509.9534,1
12.3815651,524.7696,1
12.4253464,457.498,1
12.4342785,496.013123,1
12.4538708,563.946655,1
12.4695883,498.379,1
12.4925241,499.523,1
12.5059023,503.100616,1
12.5171337,443.222534,1
12.5342035,525.0692,1
12.5573425,495.710052,1
12.5792751,500.0534,1
12.5951128,506.653259,1
12.5965385,517.7385,1
12.59966,477.485657,1
12.5999269,446.149841,1
12.6122608,507.8637,1
12.620369,457.041779,1
12.6909628,457.8742,1
12.6977377,490.6265,1
12.6989927,480.823517,1
12.7167139,493.88382,1
12.7403841,464.4179,1
12.7434654,475.762024,1
12.7998657,485.564362,1
12.8100042,442.2767,1
12.8306341,469.4343,1
12.8333864,526.4057,1
12.8364944,537.163452,1
12.8416557,478.999176,1
12.8445425,515.0453,1
12.8652325,446.324219,1
12.8740673,514.6576,1
12.88528,471.88736,1
12.8999052,507.456055,1
12.9092388,509.809265,1
12.9302282,517.8719,1
12.9569006,479.909241,1
12.9791107,471.642151,1
12.9968319,500.545166,1
13.0018511,500.7134,1
13.0146446,473.296661,1
13.05854,526.4841,1
13.1016979,510.21228,1
13.1024446,463.370453,1
13.1076927,534.648254,1
13.11797,634.277344,1
13.1329727,511.293884,1
13.1467466,579.5519,1
13.1517458,480.94046,1
13.18316,521.7811,1
13.1947565,481.881836,1
13.2403793,489.600739,1
13.25574,460.423981,1
13.25887,483.0855,1
13.3117838,506.9649,1
13.3251266,497.212463,1
13.3283377,500.593018,1
13.349822,473.223969,1
13.3683167,483.0052,1
13.36988,503.76825,1
13.3939,473.710022,1
13.4786654,489.295319,1
13.4936972,459.732422,1
13.5267143,497.5473,1
13.5299978,461.439453,1
13.5362787,533.273254,1
13.5418434,461.996033,1
13.5661678,490.978943,1
13.5775166,478.7246,1
13.5827389,486.988,1
13.5898924,485.563843,1
13.6026583,473.338837,1
13.60676,462.8359,1
13.620266,515.2089,1
13.6229172,498.472961,1
13.6319437,476.169067,1
13.6678085,525.3905,1
13.7338781,458.8124,1
13.7365217,469.940582,1
13.74449,449.8445,1
13.7463474,540.087158,1
13.75929,541.4921,1
13.7656231,475.891541,1
13.7865057,501.3723,1
13.8105459,511.790375,1
13.8419838,534.1932,1
13.873867,508.416077,1
13.8847933,518.9382,1
13.893219,513.207336,1
13.9046936,473.3326,1
13.9357471,471.4838,1
13.9489155,485.6057,1
13.9952068,499.0688,1
14.01042,516.93634,1
14.0295143,555.2943,1
14.0343208,455.240753,1
14.0404139,444.9412,1
14.04541,507.166443,1
14.0533428,470.3179,1
14.059454,482.348267,1
14.0813875,453.673676,1
14.0859213,545.0862,1
14.094861,454.093353,1
14.1037407,456.325134,1
14.1047764,458.173462,1
14.1088133,475.88205,1
14.1144028,499.5355,1
14.1240034,484.801453,1
14.1355639,494.1658,1
14.1537876,514.969,1
14.1579514,524.5104,1
14.1773472,506.742249,1
14.1876841,502.891357,1
14.2181654,473.096954,1
14.2425156,493.78717,1
14.2473669,489.083344,1
14.2512541,519.4519,1
14.2658157,499.0322,1
14.27006,470.353455,1
14.2786884,533.8507,1
14.2809038,496.0921,1
14.2812977,514.022156,1
14.2852373,531.7382,1
14.3169146,507.890717,1
14.3300791,476.5043,1
14.33644,454.686951,1
14.35392,517.1995,1
14.3653841,467.6211,1
14.37365,475.3662,1
14.3899183,465.342651,1
14.3913546,505.119537,1
14.4338837,481.198,1
14.43434,518.949463,1
14.4558592,463.075653,1
14.467145,513.00946,1
14.4736891,511.591339,1
14.4934034,514.9798,1
14.538516,532.9001,1
14.5467854,476.85614,1
14.5587511,457.3727,1
14.56866,535.232361,1
14.57534,514.3052,1
14.6477623,478.478668,1
14.6604137,555.251,1
14.6684389,474.211853,1
14.6788311,492.176849,1
14.683692,554.712341,1
14.6891365,501.421,1
14.7191048,487.243439,1
14.7357006,480.001129,1
14.738924,469.384369,1
14.7548313,498.848267,1
14.7768459,507.366547,1
14.7802315,498.329926,1
14.812808,555.683,1
14.8241024,534.5026,1
14.8728275,457.147675,1
14.8733807,450.0093,1
14.8743687,499.229156,1
14.895833,481.387146,1
15.017127,466.283264,1
15.02249,470.18927,1
15.0258913,479.739319,1
15.0415878,489.585327,1
15.0493259,505.190216,1
15.0721569,523.209961,1
15.1190481,495.964478,1
15.1410561,478.812256,1
15.1676683,439.1165,1
15.1797752,494.926758,1
15.1911259,526.716,1
15.220542,451.5944,1
15.24082,526.5608,1
15.2504721,480.5774,1
15.265686,576.615234,1
15.2992773,458.461548,1
15.3043451,473.855621,1
15.3074017,490.563934,1
15.3103294,475.145264,1
15.3127041,475.7652,1
15.3566895,495.00412,1
15.378583,520.2997,1
15.3925419,495.502472,1
15.4025669,494.65564,1
15.4771328,464.84256,1
15.4942369,437.4115,1
15.5057983,524.0199,1
15.5428782,452.331177,1
15.5462961,525.192444,1
15.5463772,457.803833,1
15.5466127,548.425659,1
15.5634317,497.968872,1
15.5748568,614.2995,1
15.5766239,493.094,1
15.59336,485.901184,1
15.5951481,652.638733,1
15.6074371,526.488,1
15.612978,480.051056,1
15.6184473,454.62384,1
15.6535759,494.33374,1
15.6808815,516.048035,1
15.6830826,499.387329,1
15.7107477,506.950867,1
15.715291,488.0409,1
15.7303066,494.117218,1
15.7956314,500.0346,1
15.819972,500.02832,1
15.8258677,513.30426,1
15.8339386,459.3196,1
15.8430538,490.3455,1
15.8759871,503.755859,1
15.877017,478.914642,1
15.8927927,536.0977,1
15.9296618,433.2183,1
15.934371,509.717438,1
15.9447174,478.538147,1
15.9471169,500.7412,1
15.9489985,437.433075,1
15.954133,460.8393,1
15.9676952,524.519,1
15.9844522,476.6724,1
16.0456619,534.7804,1
16.0635738,484.582581,1
16.068264,520.454346,1
16.0811672,492.6867,1
16.127634,573.1224,1
16.1288242,493.6661,1
16.1338959,485.0396,1
16.1393414,525.9057,1
16.1493187,475.3104,1
16.1688232,517.9488,1
16.1808949,503.393158,1
16.2233334,512.6706,1
16.25539,512.863953,1
16.2566986,474.3186,1
16.2835,518.1361,1
16.3020725,447.9081,1
16.322422,446.963043,1
16.3326626,466.373169,1
16.3400459,475.143341,1
16.3500881,487.891968,1
16.3794117,459.165039,1
16.3799114,464.661346,1
16.3887215,503.230621,1
16.4011688,520.97644,1
16.4104538,508.8764,1
16.4274826,536.6913,1
16.4404716,441.249725,1
16.4613934,506.322937,1
16.46369,488.1467,1
16.46609,495.5559,1
16.5001259,554.6181,1
16.505455,460.294464,1
16.5055237,562.3202,1
16.5483055,453.8275,1
16.5489216,496.125427,1
16.55616,484.3728,1
16.5578766,470.6292,1
16.5613422,497.811951,1
16.5781612,473.1589,1
16.60273,479.563019,1
16.64247,556.004333,1
16.6586685,511.034363,1
16.6833458,542.6328,1
16.7421131,514.1473,1
16.7427025,470.0796,1
16.7595558,497.129272,1
16.7595959,510.176758,1
16.7697983,461.592834,1
16.8073387,521.375,1
16.81671,482.067139,1
16.8242683,498.9308,1
16.86738,526.43634,1
16.8771439,486.882233,1
16.9015083,520.260254,1
16.9082127,510.453583,1
16.9094,535.3015,1
16.94712,495.662476,1
16.9658184,491.3345,1
16.9819336,449.3293,1
16.98941,568.16,1
16.9913368,520.6473,1
17.01484,496.999664,1
17.0273037,463.777618,1
17.0305824,527.352966,1
17.03367,543.1823,1
17.0400677,483.9688,1
17.0448761,609.1091,1
17.056036,509.683746,1
17.0612717,469.8744,1
17.0905247,589.6713,1
17.0931034,458.1363,1
17.0965176,444.888916,1
17.1273937,535.4816,1
17.1457481,466.313538,1
17.1631317,423.784119,1
17.1656322,474.433624,1
17.1701717,464.190857,1
17.2026863,493.255432,1
17.2354717,506.935059,1
17.244173,517.282959,1
17.2978516,477.115234,1
17.3331547,500.592957,1
17.35894,477.4282,1
17.37439,529.8489,1
17.3988857,500.293,1
17.4743786,480.114655,1
17.4918823,454.8739,1
17.49849,445.0255,1
17.5178528,516.1681,1
17.5291424,509.220551,1
17.5621529,489.1693,1
17.6057262,570.6423,1
17.6294689,498.236572,1
17.661787,546.0387,1
17.6748867,470.309418,1
17.69112,470.8141,1
17.7309761,507.9248,1
17.7324314,512.3852,1
17.7712,474.8485,1
17.7804737,484.537628,1
17.81089,495.47644,1
17.8382282,476.8694,1
17.84457,527.5076,1
17.86113,443.049622,1
17.8710022,485.118835,1
17.8726215,492.396454,1
17.8942566,560.96814,1
17.9062424,508.2518,1
17.92538,500.705261,1
17.9278812,514.5325,1
17.93698,483.748169,1
17.93737,454.239075,1
17.9467678,463.1726,1
17.9493542,480.9725,1
17.9549656,471.4886,1
17.9736729,476.6775,1
17.9799385,504.924072,1
17.9882526,497.7622,1
17.9890862,495.131348,1
17.9976883,448.33844,1
18.00214,469.814758,1
18.0382519,553.2901,1
18.0736332,447.184845,1
18.0779381,497.0363,1
18.0978889,467.532135,1
18.0999889,473.292847,1
18.1139889,477.793732,1
18.1153812,491.802,1
18.1154671,485.109955,1
18.1322956,515.8492,1
18.2032013,463.6156,1
18.2503872,464.102783,1
18.2625313,474.953552,1
18.3133945,476.1315,1
18.31406,440.748077,1
18.3256779,470.5446,1
18.3328018,467.8885,1
18.3369122,500.977173,1
18.3552647,467.0887,1
18.3628979,440.319031,1
18.3630962,475.7603,1
18.3710461,496.969574,1
18.4105625,463.163757,1
18.43697,522.5152,1
18.4856777,523.7947,1
18.4888821,517.529968,1
18.4934387,486.47937,1
18.4949741,512.274963,1
18.5091839,490.1312,1
18.5112934,478.0349,1
18.5321026,513.6115,1
18.5700855,499.7521,1
18.58527,458.0099,1
18.596241,489.100952,1
18.6088581,524.670044,1
18.6459465,490.894226,1
18.6620083,520.5888,1
18.6947441,498.082825,1
18.70641,469.11322,1
18.7143459,502.199677,1
18.72124,542.6816,1
18.7354431,490.172455,1
18.7363815,501.480377,1
18.75652,600.2103,1
18.771925,458.529938,1
18.7870712,478.576569,1
18.7888947,512.1118,1
18.7904625,537.6199,1
18.8244839,489.3753,1
18.8568954,506.100769,1
18.8733768,494.73175,1
18.892128,469.7783,1
18.8967628,529.7496,1
18.8977165,485.1286,1
18.92086,496.209,1
18.9462643,492.3019,1
18.95075,499.4534,1
18.9860573,493.499634,1
18.99387,469.2272,1
19.016674,509.345245,1
19.02631,487.5717,1
19.0424671,539.126,1
19.0698681,466.65155,1
19.0870018,461.729034,1
19.091383,508.7197,1
19.09229,496.913727,1
19.1482563,479.472015,1
19.1557178,501.417084,1
19.1574345,513.810852,1
19.1922264,484.589844,1
19.2157,494.58252,1
19.2184753,470.022064,1
19.2262783,496.868835,1
19.2322063,492.9392,1
19.2494278,492.421082,1
19.25316,556.250061,1
19.26231,500.9101,1
19.2727356,481.348846,1
19.2832565,482.757843,1
19.294611,557.3131,1
19.3053226,473.184631,1
19.3317,578.8103,1
19.33232,511.8519,1
19.3581524,493.5264,1
19.359005,516.0801,1
19.3601322,560.8714,1
19.363121,495.376862,1
19.4143448,482.758179,1
19.4527988,448.104034,1
19.4549351,506.000427,1
19.5496922,500.203857,1
19.5641022,455.894073,1
19.5950432,499.69635,1
19.6316071,500.744629,1
19.65633,516.079346,1
19.6734257,463.795471,1
19.6931763,477.3465,1
19.7163258,467.9286,1
19.71984,425.921051,1
19.7275,472.717316,1
19.7384548,458.1501,1
19.7389355,572.95575,1
19.73918,467.036072,1
19.76294,507.364,1
19.8042221,459.909882,1
19.8113785,502.8703,1
19.8131027,477.83667,1
19.8221455,519.3926,1
19.8409615,469.526917,1
19.8535385,521.848267,1
19.86155,469.851166,1
19.8811989,454.056061,1
19.8821125,471.674561,1
19.90886,530.6837,1
19.9569111,526.902832,1
19.9594688,512.055847,1
19.9597645,466.551544,1
19.9743214,478.546478,1
19.9745235,446.778839,1
19.9785538,565.9458,1
19.9835911,517.940369,1
19.9871044,479.133636,1
20.0187035,521.625854,1
20.0301,501.2889,1
20.048418,513.514038,1
20.0576515,499.6424,1
20.0590649,534.5585,1
20.0664825,481.118317,1
20.0766449,486.004242,1
20.0806141,536,1
20.0813866,476.6714,1
20.0877914,484.6107,1
20.0968781,518.7524,1
20.1069221,473.687927,1
20.1170177,495.945129,1
20.1208668,482.489563,1
20.15302,488.076355,1
20.17937,442.3637,1
20.2207623,506.180023,1
20.24748,495.341156,1
20.2483444,505.2471,1
20.253767,474.2172,1
20.2595272,507.803864,1
20.2974529,507.3429,1
20.3000164,530.0577,1
20.3102055,509.7712,1
20.3155746,505.4033,1
20.324913,458.503967,1
20.3277321,484.793,1
20.33036,476.979523,1
20.34201,540.326355,1
20.3548946,613.824463,1
20.3644638,498.8354,1
20.3721676,490.747162,1
20.3980064,502.206635,1
20.40474,476.321075,1
20.4574661,520.4567,1
20.4653931,476.667328,1
20.4791679,472.624969,1
20.4823227,505.9265,1
20.508482,469.555573,1
20.5193539,441.448273,1
20.5211334,518.7102,1
20.5342617,568.073853,1
20.5377178,472.459259,1
20.5610313,477.916473,1
20.6069355,495.0627,1
20.6131783,505.3788,1
20.6213627,451.841339,1
20.6422386,489.195221,1
20.6466637,508.740021,1
20.662302,442.490417,1
20.6724453,496.3516,1
20.7013149,461.646271,1
20.7068577,503.993347,1
20.7111931,435.878571,1
20.7329731,476.018677,1
20.74507,475.48822,1
20.7513428,448.710876,1
20.7632,433.043182,1
20.7861233,473.3881,1
20.7934074,502.669037,1
20.8116455,559.560669,1
20.8856277,481.0932,1
20.88644,516.293945,1
20.886795,541.9283,1
20.906189,479.69104,1
20.9158955,499.250244,1
20.9452114,453.361572,1
20.95211,527.893066,1
20.95819,483.0565,1
20.97577,485.6351,1
20.9831333,520.2255,1
20.9847965,510.4631,1
21.0192337,507.384674,1
21.0323868,471.9522,1
21.0401688,554.9359,1
21.0497646,498.362,1
21.0539818,489.790863,1
21.0691338,525.4124,1
21.0768433,470.0791,1
21.0987854,497.275452,1
21.1157265,466.336731,1
21.12085,513.0944,1
21.1241512,511.401031,1
21.1314716,481.1154,1
21.1493912,458.3884,1
21.1681633,488.158661,1
21.1756248,457.109283,1
21.17858,501.622131,1
21.1837559,475.654724,1
21.1888428,474.329834,1
21.2010117,486.2326,1
21.206068,424.0667,1
21.2129345,501.515747,1
21.2635,441.090363,1
21.26404,494.798248,1
21.306694,460.2632,1
21.3302784,484.993134,1
21.3400459,554.604858,1
21.3615932,502.796478,1
21.3689423,471.33905,1
21.3698349,499.4544,1
21.3730679,476.803436,1
21.3888321,504.4752,1
21.3956985,502.873657,1
21.4164162,505.557739,1
21.4625187,450.6042,1
21.463728,462.3443,1
21.4654636,496.015533,1
21.46632,455.831543,1
21.4813232,495.228363,1
21.4855652,493.912964,1
21.4867153,469.1214,1
21.488636,489.808472,1
21.4917755,467.0317,1
21.4930553,472.668243,1
21.505434,448.829163,1
21.5125675,486.951019,1
21.530962,479.687775,1
21.5889473,509.525024,1
21.6384544,533.4514,1
21.7107,464.560028,1
21.7859383,478.7898,1
21.80854,496.87027,1
21.8445854,509.042847,1
21.9136963,470.72937,1
21.9231434,478.82196,1
21.9320774,467.757538,1
21.9435368,522.799255,1
21.9471016,450.2735,1
21.95165,470.481,1
21.9990482,491.907928,1
22.0113964,452.769073,1
22.01302,488.736267,1
22.0138988,468.4298,1
22.0745411,472.116058,1
22.17459,507.705872,1
22.2203083,593.144836,1
22.2411251,478.284271,1
22.2435131,471.04837,1
22.2539253,501.142731,1
22.2864513,508.586,1
22.30183,487.27356,1
22.3026657,447.472443,1
22.3314438,466.4725,1
22.34808,460.519775,1
22.357626,448.134338,1
22.3692989,519.2531,1
22.37247,499.166962,1
22.383,493.27066,1
22.3968468,504.6077,1
22.40534,539.5061,1
22.40656,502.209137,1
22.4180737,457.648254,1
22.4287872,422.8079,1
22.4337711,477.040741,1
22.47419,513.046448,1
22.4836578,465.021973,1
22.486124,473.314,1
22.4879,461.4357,1
22.6242542,557.7998,1
22.6399,487.464325,1
22.6845932,519.1556,1
22.6852512,493.193878,1
22.7219677,492.00943,1
22.7572784,481.4608,1
22.7585869,444.291565,1
22.7715816,467.205,1
22.8123817,450.1236,1
22.8238487,470.0707,1
22.8402424,509.758972,1
22.8443222,578.826843,1
22.8491955,484.323456,1
22.8659554,489.038116,1
22.8863983,447.167725,1
22.90551,476.0929,1
22.9215279,451.2206,1
22.9419918,458.918152,1
22.9679737,491.6678,1
22.98673,490.039764,1
23.05138,510.1263,1
23.0644855,482.304565,1
23.0707169,462.495483,1
23.09164,507.880219,1
23.1119728,515.0046,1
23.13255,473.969574,1
23.1403065,455.291046,1
23.1615028,505.5549,1
23.1771641,489.5376,1
23.1785545,498.813477,1
23.1854076,471.525024,1
23.1865845,488.72226,1
23.199913,514.5227,1
23.20975,475.2016,1
23.2181988,459.8214,1
23.2549419,440.634247,1
23.2615337,483.017883,1
23.2669525,445.245667,1
23.2715168,462.484131,1
23.28213,463.8052,1
23.2857533,502.1114,1
23.3274937,457.1969,1
23.3362713,468.346649,1
23.3389759,523.0013,1
23.3519173,499.415649,1
23.3869381,512.9782,1
23.42874,476.445374,1
23.5068932,478.53656,1
23.5073566,467.715454,1
23.52906,521.5471,1
23.5542583,463.524384,1
23.6023045,460.0267,1
23.6072083,471.3709,1
23.6144867,431.0639,1
23.63323,474.320923,1
23.6416073,504.692749,1
23.6548328,618.1021,1
23.667057,505.277832,1
23.6867752,480.0504,1
23.698391,522.8616,1
23.7529755,512.645447,1
23.75714,530.043945,1
23.7720852,470.37674,1
23.81672,614.8139,1
23.81826,459.777863,1
23.81983,482.3889,1
23.841013,461.268036,1
23.8758774,491.621643,1
23.8849468,484.332733,1
23.897768,471.261536,1
23.9029922,445.5707,1
23.91328,509.9527,1
23.9420681,451.705017,1
23.96748,497.513947,1
23.979248,453.6275,1
23.9808884,515.4811,1
23.9869652,458.752777,1
24.0022011,467.929565,1
24.0078049,477.6675,1
24.0090237,482.8949,1
24.0230427,582.5574,1
24.0500526,484.6824,1
24.0536537,478.302826,1
24.06818,495.386719,1
24.0720081,542.5895,1
24.101963,482.9012,1
24.1148167,461.429718,1
24.1160622,587.6886,1
24.1366558,497.0201,1
24.1452675,464.6421,1
24.15732,499.782471,1
24.1589489,474.522217,1
24.1687641,516.182068,1
24.20366,477.8743,1
24.2144146,478.260437,1
24.2231045,497.7482,1
24.2336,503.676666,1
24.2692947,508.350861,1
24.28202,542.1367,1
24.2928219,498.517517,1
24.3143234,461.6266,1
24.37818,503.1874,1
24.39522,521.334,1
24.3971138,490.934235,1
24.4032059,492.811676,1
24.4134216,486.938141,1
24.4542,483.4368,1
24.5801754,480.757721,1
24.5845852,462.8296,1
24.5871048,470.773224,1
24.606617,498.470642,1
24.6136684,532.315857,1
24.6168346,467.484528,1
24.65393,521.772766,1
24.6760235,462.1658,1
24.6905384,474.289,1
24.6932869,441.7633,1
24.7903385,445.224,1
24.79668,472.900543,1
24.85773,504.755157,1
24.861208,486.0478,1
24.8638668,479.738922,1
24.9038773,478.4007,1
24.9188442,467.957764,1
24.932888,448.835358,1
24.944025,449.942383,1
24.9680424,507.3254,1
24.97472,459.83548,1
24.9829159,463.419952,1
25.0284176,468.5268,1
25.0375862,495.339539,1
25.0534534,504.608521,1
25.0586033,506.394562,1
25.0969124,482.480865,1
25.12299,514.0865,1
25.1271439,494.9063,1
25.1308174,454.7393,1
25.1329746,438.801239,1
25.1664143,464.4464,1
25.180748,484.1768,1
25.2076511,460.1798,1
25.2356148,473.3814,1
25.2508316,494.694061,1
25.267683,468.876373,1
25.3063316,468.146179,1
25.3192139,533.8707,1
25.3293324,474.4083,1
25.3674889,508.254822,1
25.3791256,519.4238,1
25.398571,495.050629,1
25.4025326,464.5596,1
25.4054585,589.8199,1
25.4208469,585.4982,1
25.4254875,511.212616,1
25.4382572,455.061157,1
25.4418488,457.206329,1
25.4426517,462.052338,1
25.53411,466.570068,1
25.5524559,460.35202,1
25.56367,490.854553,1
25.56406,449.8358,1
25.6017513,514.750854,1
25.64277,530.021057,1
25.6681442,580.3513,1
25.6866055,557.4824,1
25.6876926,471.31134,1
25.69275,456.9646,1
25.6950169,460.1679,1
25.710825,473.625244,1
25.7202473,494.031555,1
25.7224636,482.6751,1
25.75442,556.7683,1
25.8007164,447.264984,1
25.8075542,472.529724,1
25.80839,503.363159,1
25.8556938,470.609375,1
25.8594646,472.780762,1
25.88854,466.138855,1
25.8903027,491.037537,1
25.8930035,435.420044,1
25.9125671,522.2864,1
25.92413,454.781036,1
25.9337044,490.081116,1
25.93767,483.55072,1
25.9379883,489.683258,1
25.954443,485.3275,1
25.9551678,475.7653,1
25.9934235,549.1533,1
25.99636,455.5455,1
26.0072,443.7807,1
26.0155125,486.8147,1
26.0179482,474.813232,1
26.0336723,530.4301,1
26.0403156,456.445862,1
26.07495,505.4326,1
26.0776367,503.75824,1
26.0776958,542.748,1
26.0921879,450.964722,1
26.0979443,466.6965,1
26.1024151,563.460266,1
26.1397514,483.5602,1
26.1432953,457.884064,1
26.1844864,445.413849,1
26.18779,485.250671,1
26.20967,518.6536,1
26.220932,510.229156,1
26.240303,487.7762,1
26.2648525,476.029846,1
26.2864666,470.86615,1
26.3049049,498.530884,1
26.3073082,522.2757,1
26.3201,473.958435,1
26.3488846,462.549835,1
26.3730717,506.465363,1
26.4364681,507.6319,1
26.4409142,501.5173,1
26.442894,460.7574,1
26.45491,483.829,1
26.48033,459.660248,1
26.4884758,489.919983,1
26.5075474,460.188721,1
26.5080013,466.918365,1
26.5288086,480.50827,1
26.52983,495.716156,1
26.5362053,502.81488,1
26.5754223,491.073425,1
26.5901184,491.3826,1
26.59902,446.0132,1
26.6095829,449.277527,1
26.6130962,583.7813,1
26.662508,557.837646,1
26.699543,493.719757,1
26.7083817,461.431183,1
26.7110271,515.901062,1
26.7126369,492.776917,1
26.7139015,499.413727,1
26.71608,483.3984,1
26.71997,471.031921,1
26.7217979,448.001221,1
26.73062,461.757629,1
26.755085,462.2944,1
26.75874,487.101044,1
26.7630939,478.9396,1
26.7752132,492.785339,1
26.79781,512.8478,1
26.81845,477.2316,1
26.82624,463.085083,1
26.8406448,482.606079,1
26.84915,469.0398,1
26.8654785,506.5509,1
26.89771,507.400421,1
26.9421558,461.166718,1
26.9686832,473.0585,1
26.9721489,486.2891,1
26.9757748,458.978577,1
26.980072,452.812042,1
26.9958878,490.813446,1
27.0030289,503.928467,1
27.0038052,508.618378,1
27.0135384,495.760437,1
27.0232754,482.2588,1
27.0295219,468.1725,1
27.03279,482.533661,1
27.04312,456.2081,1
27.057251,498.6954,1
27.08034,464.431549,1
27.09602,477.635437,1
27.104044,449.961,1
27.1312714,522.8701,1
27.1438923,525.085266,1
27.1573029,494.061981,1
27.2009,476.2499,1
27.207655,452.678345,1
27.210516,469.8888,1
27.2329769,474.9282,1
27.248127,430.948639,1
27.26064,507.30545,1
27.2987385,510.7016,1
27.30024,469.293335,1
27.306181,478.9127,1
27.3064346,452.456329,1
27.31514,448.6342,1
27.3262825,494.835266,1
27.3321362,466.4071,1
27.34463,476.8685,1
27.35557,492.993317,1
27.3614273,464.714539,1
27.3790684,506.62735,1
27.3908,461.3705,1
27.3963223,479.918884,1
27.400816,506.9563,1
27.4185162,465.469,1
27.44142,505.8369,1
27.4896145,496.9606,1
27.5307713,470.424652,1
27.5570164,492.297455,1
27.5960331,429.5241,1
27.6021385,469.282532,1
27.6106853,506.881958,1
27.6296482,540.2457,1
27.63226,500.5788,1
27.69583,455.981018,1
27.70165,438.123322,1
27.7282829,482.751038,1
27.7379665,469.6329,1
27.7380924,504.407776,1
27.7521172,481.420715,1
27.7594051,493.301483,1
27.7828751,461.114532,1
27.7981472,499.3774,1
27.8228416,477.393341,1
27.8304253,558.545,1
27.863575,502.261047,1
27.8655853,536.141663,1
27.87618,492.738281,1
27.8786526,477.67926,1
27.88224,481.17218,1
27.89113,471.7764,1
27.9076653,481.531219,1
27.9653015,486.142761,1
27.9796429,454.166626,1
27.9810276,476.2916,1
27.9888668,501.278381,1
27.9979725,482.2268,1
28.0140667,513.538,1
28.029892,439.34256,1
28.0596561,529.236145,1
28.0808716,492.764038,1
28.0943279,464.2831,1
28.1003513,495.307922,1
28.1027756,586.6998,1
28.13677,484.88385,1
28.1489868,447.71225,1
28.1601086,491.70752,1
28.1636086,524.4639,1
28.1699314,524.4398,1
28.1876221,475.5464,1
28.24921,442.533936,1
28.2572613,458.0553,1
28.26585,470.157318,1
28.27635,459.489746,1
28.28621,487.78653,1
28.2878513,505.8824,1
28.383606,442.589325,1
28.4228973,455.815063,1
28.445055,464.970947,1
28.472559,436.4073,1
28.4860573,473.8871,1
28.4897614,487.922028,1
28.5207787,506.227539,1
28.534235,496.134979,1
28.5542183,440.1969,1
28.5556355,441.14325,1
28.58324,506.364746,1
28.5854225,491.5535,1
28.5962086,478.4636,1
28.60799,527.1337,1
28.6101265,502.357147,1
28.6188278,472.703674,1
28.66121,475.832031,1
28.695158,430.255432,1
28.70259,463.03537,1
28.7160225,453.791138,1
28.7278214,458.483856,1
28.731205,443.156158,1
28.7353554,474.976532,1
28.7950821,441.8762,1
28.7966232,475.224457,1
28.8232632,491.127472,1
28.8401222,581.0607,1
28.8517723,477.540466,1
28.8582458,491.908478,1
28.8633537,451.22937,1
28.8809414,421.623657,1
28.8869152,470.6042,1
28.89722,492.358978,1
28.93234,503.563568,1
28.96889,504.172119,1
28.97636,499.2794,1
28.9911289,489.1831,1
29.0331287,481.095,1
29.0532818,475.2433,1
29.0591831,469.281067,1
29.0668049,498.376251,1
29.06775,473.391724,1
29.1061821,444.4843,1
29.13779,477.0118,1
29.1491814,454.6883,1
29.15758,458.013824,1
29.1639977,461.208069,1
29.1690521,486.412323,1
29.1864128,476.7806,1
29.19509,481.300781,1
29.20297,470.109955,1
29.2168922,573.8913,1
29.2311,467.158264,1
29.2329483,550.2371,1
29.2435322,485.877136,1
29.2483482,492.828583,1
29.30414,445.656372,1
29.3056316,481.640167,1
29.3082428,488.5462,1
29.3205757,518.6827,1
29.3245163,501.8551,1
29.35796,477.868561,1
29.3693371,543.8322,1
29.3742371,469.775146,1
29.40204,488.475983,1
29.41482,436.482574,1
29.435915,468.202057,1
29.4418621,454.833618,1
29.4435825,459.7044,1
29.4873352,520.853149,1
29.5327473,454.995758,1
29.5480633,518.590759,1
29.5518,432.157379,1
29.5608082,485.354462,1
29.56603,483.1705,1
29.5792274,559.0925,1
29.61052,513.8575,1
29.633173,486.566376,1
29.6687775,504.404327,1
29.6743488,455.459442,1
29.7669029,483.479523,1
29.8179169,479.8144,1
29.8590641,485.967133,1
29.8631763,498.265869,1
29.87879,505.196472,1
29.881979,462.156982,1
29.89225,473.320648,1
29.9241886,450.158142,1
29.929903,568.9617,1
29.9402332,484.985077,1
29.9806976,473.0996,1
29.9976044,505.4582,1
30.0024261,453.445831,1
30.01811,450.678284,1
30.0334854,475.658142,1
30.0398178,488.9155,1
30.042963,448.428772,1
30.048,437.483765,1
30.07931,421.414551,1
30.0930538,455.194275,1
30.0941372,462.9799,1
30.12109,517.318054,1
30.1228542,532.5665,1
30.1385822,450.5505,1
30.1769848,536.1436,1
30.18767,483.5649,1
30.1961956,446.016052,1
30.2134781,529.556946,1
30.2372646,451.304,1
30.24227,437.300171,1
30.2546444,458.194427,1
30.2744827,468.795471,1
30.2952137,509.7196,1
30.2979946,512.7016,1
30.2980537,501.8724,1
30.3063011,487.7656,1
30.30681,449.899475,1
30.3595715,506.810455,1
30.3875866,468.391571,1
30.39289,475.194244,1
30.4337845,474.5665,1
30.45451,545.9105,1
30.4647846,481.631134,1
30.4651871,487.236633,1
30.4721718,475.44458,1
30.47401,491.781464,1
30.4746189,484.260223,1
30.475687,434.591919,1
30.4802189,466.0324,1
30.4957047,496.783356,1
30.51515,547.974548,1
30.522007,472.40094,1
30.5220623,503.835724,1
30.5819378,494.967316,1
30.602747,481.5913,1
30.6104641,511.726959,1
30.6196632,504.698,1
30.6246128,473.809326,1
30.6805019,433.639221,1
30.7263756,487.7864,1
30.7388687,457.635834,1
30.7489338,474.094482,1
30.7511787,498.042328,1
30.7704639,505.493164,1
30.781332,464.3637,1
30.7868576,499.896973,1
30.7928524,468.506531,1
30.8203754,469.227844,1
30.8561478,477.984772,1
30.9137383,466.4245,1
30.9255447,532.9256,1
30.9584255,464.6,1
30.9724617,483.1465,1
30.9981632,500.7963,1
31.066803,482.518982,1
31.08179,427.510223,1
31.0840816,464.1711,1
31.1126156,455.1919,1
31.1145725,518.771057,1
31.1657238,445.273041,1
31.18556,464.11792,1
31.19093,430.907867,1
31.2004852,478.549927,1
31.25542,484.515564,1
31.29237,460.721252,1
31.2951984,454.311859,1
31.3049412,481.81308,1
31.3616066,496.698883,1
31.385149,464.492523,1
31.3936825,512.3093,1
31.3980274,475.575043,1
31.4172211,498.148773,1
31.42346,484.2838,1
31.4577885,488.341278,1
31.4580956,502.719269,1
31.5148811,460.261,1
31.5168247,745.5003,1
31.5337677,501.2989,1
31.5490513,452.714783,1
31.6056747,484.1205,1
31.6183,459.294983,1
31.6482334,460.0596,1
31.654108,430.517761,1
31.6579533,431.554626,1
31.6728573,520.0912,1
31.6758633,481.6461,1
31.7110939,452.97403,1
31.7276325,508.304047,1
31.763998,527.480164,1
31.785223,465.93045,1
31.800354,493.830475,1
31.8107338,494.411438,1
31.81642,521.934,1
31.8467541,501.228516,1
31.8486443,514.288147,1
31.8618679,447.494537,1
31.8893223,477.957642,1
31.9340286,488.806122,1
31.9567,537.0845,1
31.993227,430.6038,1
32.01863,502.684265,1
32.0236931,469.24588,1
32.02883,478.789429,1
32.0308075,480.784668,1
32.03456,518.6255,1
32.07223,492.243683,1
32.0889168,490.749939,1
32.10529,449.3563,1
32.1077423,460.4891,1
32.11038,458.864319,1
32.1534157,533.4944,1
32.182476,476.189026,1
32.21582,481.583527,1
32.2227821,484.699432,1
32.2254181,527.1987,1
32.2446632,489.1947,1
32.2556343,476.061218,1
32.2786179,517.932,1
32.31266,470.035126,1
32.3130074,502.707916,1
32.34814,467.3188,1
32.3560944,443.813965,1
32.3633232,477.964935,1
32.38248,493.933075,1
32.4238129,469.9796,1
32.4940948,489.637726,1
32.5214081,497.275848,1
32.5580254,463.105347,1
32.56436,475.990051,1
32.5844536,468.903717,1
32.5892868,459.6282,1
32.5897141,518.055664,1
32.60426,467.9328,1
32.63209,574.687561,1
32.6684151,483.995819,1
32.6993446,510.096954,1
32.72383,475.2691,1
32.7364464,453.1816,1
32.7707138,461.345154,1
32.77845,471.599121,1
32.7791748,468.845428,1
32.78006,486.8887,1
32.78467,438.4448,1
32.78831,464.7591,1
32.79258,484.4411,1
32.87192,513.1914,1
32.8884468,497.779327,1
32.8912621,453.0604,1
32.93657,454.2737,1
32.93686,464.121674,1
32.9575539,520.1268,1
32.9772644,516.1821,1
32.9814949,426.508118,1
32.98509,446.8741,1
32.98529,442.3982,1
32.996788,486.162872,1
32.9996223,490.998352,1
33.0286674,511.776733,1
33.06104,448.940674,1
33.06222,444.1096,1
33.06404,479.342072,1
33.07289,490.360046,1
33.1360435,575.115234,1
33.15325,502.394867,1
33.2235641,460.699951,1
33.23627,449.655426,1
33.2508125,471.268768,1
33.2666168,477.079468,1
33.26916,492.9856,1
33.283226,490.278564,1
33.2899246,482.603729,1
33.32219,528.2886,1
33.3256378,519.9179,1
33.37055,475.8845,1
33.3744,442.640961,1
33.40421,439.582642,1
33.40857,489.5931,1
33.4150543,461.344849,1
33.42177,451.328644,1
33.4283142,484.565643,1
33.4412,477.473053,1
33.4557228,467.735077,1
33.4875069,482.8093,1
33.4963379,504.247528,1
33.4987526,508.370361,1
33.5257263,461.4111,1
33.5393867,467.635071,1
33.5476341,488.548431,1
33.56141,545.501953,1
33.5618935,464.371674,1
33.5822563,573.161133,1
33.6234245,441.6384,1
33.6266327,492.614441,1
33.62691,507.3369,1
33.63241,489.861267,1
33.64277,470.84967,1
33.6502647,517.7165,1
33.6602249,513.4413,1
33.6610031,458.060944,1
33.66158,481.454651,1
33.686348,465.417816,1
33.6969032,475.397247,1
33.7126846,496.018982,1
33.717186,485.983063,1
33.71863,416.331879,1
33.73107,494.997925,1
33.7981529,467.9587,1
33.84983,456.916656,1
33.85275,514.07135,1
33.85735,518.374,1
33.8731,461.167145,1
33.8736877,451.6742,1
33.87589,563.3901,1
33.88383,474.25174,1
33.88601,471.508362,1
33.8868332,482.152618,1
33.8937531,488.754272,1
33.90156,487.032562,1
33.9108047,446.2545,1
33.9563828,487.141876,1
33.9571381,509.588867,1
33.9625359,520.783936,1
33.9677,510.855255,1
34.0011177,509.390656,1
34.0425529,454.533142,1
34.0516968,468.907867,1
34.0767021,440.475525,1
34.0893,460.7319,1
34.1643066,439.2325,1
34.1756248,414.933441,1
34.182972,451.499878,1
34.2089424,463.8792,1
34.2098579,452.1357,1
34.231926,499.181824,1
34.2748032,456.23764,1
34.2946777,477.736938,1
34.3090019,468.362061,1
34.3326874,450.814728,1
34.3485031,518.40625,1
34.3628654,484.5718,1
34.37263,442.209259,1
34.4116249,489.1365,1
34.421917,496.352051,1
34.53729,484.6761,1
34.556057,428.232941,1
34.626194,469.148651,1
34.63934,456.2487,1
34.7213936,495.449219,1
34.74997,474.765137,1
34.76933,457.984222,1
34.7780571,436.629333,1
34.7819252,481.532,1
34.7836227,487.057,1
34.8397865,482.731476,1
34.8455925,425.788971,1
34.8500328,454.708771,1
35.0053368,448.747375,1
35.0315323,464.881165,1
35.0426865,558.948364,1
35.09243,483.529541,1
35.12935,475.085052,1
35.13011,521.894531,1
35.1407776,429.1223,1
35.1474724,553.1773,1
35.1682739,457.746979,1
35.1710129,504.776733,1
35.1740952,429.617371,1
35.1996574,508.519745,1
35.2061424,506.0779,1
35.27214,544.614868,1
35.2843475,433.650116,1
35.32925,468.629242,1
35.33911,442.0231,1
35.34341,488.579071,1
35.35734,517.2649,1
35.40035,482.873,1
35.45845,475.563843,1
35.458744,468.091919,1
35.55616,481.959625,1
35.598156,442.484863,1
35.6404037,464.354,1
35.6709442,476.836517,1
35.6839,453.979065,1
35.702,543.516,1
35.7204666,464.7537,1
35.7310066,491.088074,1
35.73843,455.4012,1
35.7492065,694.59436,1
35.755127,478.742859,1
35.77035,470.1919,1
35.781456,477.600342,1
35.79066,431.093384,1
35.80151,456.38562,1
35.8514442,465.510681,1
35.85446,469.535583,1
35.8728333,486.060455,1
35.8751869,492.06723,1
35.9159279,470.983,1
35.98645,462.1737,1
35.994648,435.606537,1
36.00564,465.6006,1
36.0143776,507.132751,1
36.02377,456.554169,1
36.0846,458.279175,1
36.095192,502.786,1
36.1045074,467.025177,1
36.1109276,502.072449,1
36.1196861,492.896332,1
36.12395,457.021942,1
36.1359367,509.496674,1
36.1419563,468.386139,1
36.16434,456.34198,1
36.2106056,491.8835,1
36.2324028,460.349731,1
36.2569923,506.222748,1
36.29795,549.156067,1
36.3443222,440.610535,1
36.4650536,510.122375,1
36.4673538,449.385773,1
36.47595,504.826569,1
36.4989281,436.129669,1
36.51774,466.367676,1
36.55357,442.329834,1
36.5572624,438.963928,1
36.5643959,455.314362,1
36.5732,441.015778,1
36.6131973,473.35553,1
36.6267471,493.097931,1
36.62678,487.4064,1
36.6344223,471.557373,1
36.641777,452.9881,1
36.6662979,466.057159,1
36.7089539,467.5859,1
36.7767677,501.538879,1
36.77839,485.089752,1
36.79238,490.405853,1
36.7970352,437.380646,1
36.82151,424.124,1
36.86519,459.125916,1
36.8706131,443.218353,1
36.9133453,467.27124,1
36.9319878,484.205841,1
36.9490929,486.002838,1
36.98088,484.775024,1
36.98119,490.8493,1
36.9886475,477.333832,1
36.99894,441.3955,1
37.026104,453.155945,1
37.0357857,469.764832,1
37.0365219,429.0167,1
37.0445061,446.743042,1
37.0853233,461.9535,1
37.1217728,530.5458,1
37.1348076,486.699829,1
37.1486969,481.782532,1
37.2220421,492.511566,1
37.27714,441.832428,1
37.28882,463.400452,1
37.3088379,508.82724,1
37.3370552,487.083771,1
37.3398056,576.0859,1
37.3627319,515.3799,1
37.3749,515.7855,1
37.3898926,472.00592,1
37.393898,428.780945,1
37.428997,501.188416,1
37.43125,500.692139,1
37.4501343,511.507263,1
37.4600143,541.4455,1
37.46748,488.591919,1
37.49662,448.714539,1
37.51961,467.0661,1
37.5240135,454.076538,1
37.5249367,483.51236,1
37.5628853,522.5734,1
37.64149,447.4126,1
37.6725159,469.12326,1
37.6807861,475.345764,1
37.71504,463.897675,1
37.7264977,444.208,1
37.7387543,462.4585,1
37.73888,470.342468,1
37.7567,476.800537,1
37.8000374,433.1384,1
37.81818,480.894379,1
37.8683052,485.348358,1
37.95734,460.846069,1
37.97155,505.344727,1
38.0353432,466.020721,1
38.0640755,463.690155,1
38.09035,480.1779,1
38.1664,556.326355,1
38.25301,445.189758,1
38.3764153,488.470062,1
38.3773155,436.23114,1
38.391407,466.019318,1
38.4059677,512.4884,1
38.4254532,526.7222,1
38.4299164,475.091064,1
38.44855,450.567657,1
38.4671326,502.698,1
38.50276,438.1219,1
38.5644073,531.2328,1
38.5671844,490.0952,1
38.57555,501.332855,1
38.5985832,477.76825,1
38.605938,460.572968,1
38.635006,485.820862,1
38.6706543,471.977264,1
38.67091,470.715027,1
38.67853,463.0505,1
38.682888,461.399963,1
38.7212753,483.013062,1
38.7602272,482.459167,1
38.7642174,447.988434,1
38.7756653,446.309967,1
38.7785873,626.060059,1
38.8023376,513.7991,1
38.9100533,484.480835,1
39.00235,460.3309,1
39.0372,452.540039,1
39.04176,497.9398,1
39.05381,492.772858,1
39.0688629,486.097443,1
39.073822,466.7474,1
39.09526,476.449432,1
39.10054,457.914459,1
39.1225624,451.2795,1
39.1422958,503.758423,1
39.157753,496.946381,1
39.17388,475.813873,1
39.1836281,443.3389,1
39.1906166,603.4004,1
39.23509,495.914368,1
39.290123,425.661682,1
39.3172646,477.5163,1
39.3278236,484.14032,1
39.3325539,443.1071,1
39.3601761,464.9468,1
39.36391,440.00592,1
39.3805122,512.760437,1
39.3871078,470.448151,1
39.50212,445.661835,1
39.5097427,449.566162,1
39.51673,482.4111,1
39.63545,468.784363,1
39.6938324,505.298279,1
39.711586,494.06,1
39.735836,476.412079,1
39.76943,543.510864,1
39.79304,439.663239,1
39.8046532,507.189758,1
39.81169,477.8878,1
39.8167572,458.718,1
39.81785,451.411957,1
39.8421936,468.474243,1
39.8569679,462.697418,1
39.9086266,466.299133,1
39.9146767,441.137177,1
39.9248848,413.50943,1
39.95173,444.119476,1
39.964138,467.1412,1
39.9756432,490.032257,1
39.97911,455.713928,1
40.0190048,470.302948,1
40.04471,519.7588,1
40.09521,453.076935,1
40.11858,459.426117,1
40.1300545,434.9927,1
40.1980362,498.299957,1
40.2081528,455.717163,1
40.2333679,481.597,1
40.253643,472.0073,1
40.27152,480.347656,1
40.2723274,537.845642,1
40.27831,477.622742,1
40.351944,534.8449,1
40.40104,490.41098,1
40.49098,462.066864,1
40.497963,461.140656,1
40.49896,450.3804,1
40.5365677,450.583221,1
40.5638,474.3851,1
40.56974,470.8707,1
40.58377,426.2498,1
40.5845337,469.353,1
40.7244759,450.860382,1
40.7671661,489.2224,1
40.7898445,460.869934,1
40.7948,462.142456,1
40.80439,467.031738,1
40.82834,466.244415,1
40.85599,424.4329,1
40.87024,511.7953,1
40.8796272,501.922882,1
40.8865051,473.302277,1
40.9074631,460.091156,1
40.97232,484.5652,1
40.9865532,439.068024,1
41.00201,556.9942,1
41.0618057,517.2839,1
41.108448,523.324036,1
41.1402,461.188934,1
41.15978,479.17392,1
41.1704254,466.4433,1
41.1734,509.446259,1
41.1977,478.757721,1
41.2691154,473.186432,1
41.2734833,426.323822,1
41.28819,472.640839,1
41.3336754,479.236938,1
41.38996,521.729736,1
41.39366,457.507324,1
41.4308472,525.861267,1
41.47963,480.414581,1
41.4843445,449.4583,1
41.56693,498.11322,1
41.62549,496.920563,1
41.6979065,507.450439,1
41.72082,439.062561,1
41.84453,486.923431,1
41.86694,460.253784,1
41.8751755,468.979523,1
41.926487,454.379547,1
41.9320526,460.7951,1
41.979744,457.5978,1
41.9814,452.176636,1
42.01322,452.4472,1
42.0154648,489.740265,1
42.0213928,475.795532,1
42.0878372,474.1385,1
42.0962029,476.391968,1
42.16411,456.524475,1
42.18519,450.785645,1
42.22071,501.454681,1
42.24775,464.483337,1
42.2522125,442.261475,1
42.2559,433.324249,1
42.2721252,466.0682,1
42.3312836,457.9786,1
42.3454857,435.558319,1
42.38299,472.891968,1
42.39159,470.859528,1
42.4102173,531.477661,1
42.44448,440.1537,1
42.5358124,412.61972,1
42.5556,441.380646,1
42.6143074,460.8388,1
42.6151428,495.483215,1
42.6169052,496.45163,1
42.6535721,415.6511,1
42.6646271,446.9056,1
42.6839256,509.3919,1
42.74707,438.367828,1
42.7770462,420.148438,1
42.7998047,478.0644,1
42.8954544,489.9758,1
42.9497261,440.206,1
42.95223,467.958923,1
42.96233,490.310852,1
42.96442,475.783539,1
42.9756355,448.95224,1
42.98796,441.9937,1
42.9955826,452.204651,1
43.06579,474.218445,1
43.0774879,473.3654,1
43.0792961,465.788544,1
43.116127,471.534119,1
43.2506943,450.8478,1
43.257473,476.912933,1
43.2723351,472.435242,1
43.273983,444.226257,1
43.3521576,438.168884,1
43.3543472,483.802368,1
43.3954048,473.141571,1
43.4063454,467.722717,1
43.4454,433.0077,1
43.47359,469.099854,1
43.48819,469.150879,1
43.5269775,502.870117,1
43.55516,493.4844,1
43.5830269,432.8582,1
43.60781,505.3983,1
43.626,467.1532,1
43.6475029,450.789124,1
43.6838875,505.743134,1
43.71619,563.720459,1
43.7955437,557.9832,1
44.05469,475.539368,1
44.1227722,471.774475,1
44.26246,448.54248,1
44.34482,461.413727,1
44.3911057,425.055023,1
44.4081841,431.554016,1
44.4648361,445.644531,1
44.52201,455.449219,1
44.5606155,448.450928,1
44.56225,482.723816,1
44.60937,493.609375,1
44.6165428,493.11496,1
44.620018,425.388458,1
44.6477928,503.031769,1
44.8209839,484.269562,1
44.84322,431.8144,1
44.8933372,426.2534,1
44.9036064,452.0194,1
44.979187,603.818054,1
44.9960861,420.762482,1
45.00193,492.644135,1
45.1097641,481.589874,1
45.1243248,443.753143,1
45.2718468,483.7252,1
45.28987,473.959442,1
45.31638,469.506744,1
45.3257942,466.334259,1
45.38748,467.372375,1
45.4001045,466.196,1
45.48108,456.43985,1
45.49774,679.045959,1
45.52797,452.931641,1
45.5929871,496.163483,1
45.6521378,442.8378,1
45.6833153,455.6695,1
45.69956,456.3533,1
45.8195419,440.6943,1
45.82266,497.2779,1
45.89249,495.997742,1
45.89753,442.639069,1
46.0134544,508.563751,1
46.01641,542.3842,1
46.05713,414.808136,1
46.0801353,489.732269,1
46.1089172,422.81842,1
46.1510277,435.270447,1
46.1595535,504.1433,1
46.1862946,437.982025,1
46.20753,451.708282,1
46.41508,452.167816,1
46.4287224,482.10202,1
46.4614067,510.054169,1
46.52555,454.605255,1
46.6341438,476.029022,1
46.69819,463.7998,1
46.7149544,655.1128,1
46.75358,484.8214,1
46.76248,451.8614,1
46.7649345,487.0421,1
46.77902,427.758575,1
46.8046,495.887756,1
46.86368,526.3087,1
46.8966751,434.635162,1
46.9906235,416.988281,1
47.0403557,460.647736,1
47.133564,471.259064,1
47.1619873,450.45,1
47.21689,408.253143,1
47.22281,627.6836,1
47.3539772,445.077881,1
47.46417,445.367676,1
47.4642334,472.040741,1
47.5805779,459.337219,1
47.6038971,443.063751,1
47.621624,432.3774,1
47.6547623,460.537933,1
47.6751633,447.036865,1
47.7138443,452.160828,1
47.7151337,453.90387,1
47.7217751,451.6916,1
47.7322464,478.604065,1
47.8133354,530.9606,1
47.8440056,461.054626,1
47.8560524,463.129242,1
47.89006,453.110931,1
47.89454,490.7498,1
47.9030876,446.885132,1
47.9634781,444.6149,1
47.9849777,471.045319,1
48.0041428,461.352234,1
48.0173073,479.3983,1
48.07396,466.975281,1
48.125042,554.5561,1
48.21734,474.690033,1
48.2498627,519.6033,1
48.2566681,457.183441,1
48.2956924,430.4617,1
48.3171,459.3988,1
48.3995171,450.898224,1
48.4624367,456.486664,1
48.5627747,423.100555,1
48.60085,423.4055,1
48.7040749,459.4487,1
48.81979,471.752777,1
48.8506851,452.251038,1
48.91454,488.322968,1
48.9667168,417.6795,1
48.9730034,477.7235,1
49.1024971,457.9769,1
49.1587372,479.8271,1
49.26233,526.072449,1
49.277626,487.191559,1
49.2886772,466.275757,1
49.37444,529.4012,1
49.4086876,464.77652,1
49.4224,434.632629,1
49.4500351,428.600342,1
49.5973663,451.341064,1
49.67811,458.558258,1
49.7117,488.871429,1
49.8003044,460.9745,1
49.9223251,429.6487,1
49.9324875,469.699219,1
50.03688,412.5989,1
50.0601768,491.244446,1
50.09864,460.7187,1
50.10326,632.291,1
50.13104,433.2553,1
50.1510124,506.014648,1
50.20138,467.706818,1
50.28231,546.588257,1
50.5448227,463.6717,1
50.5727234,418.423218,1
50.58229,481.679047,1
50.69416,428.303955,1
50.72221,431.86673,1
50.9406548,431.151337,1
50.94368,464.89978,1
50.9465179,485.2768,1
51.01593,461.452576,1
51.049942,616.5253,1
51.0540237,445.317261,1
51.1321869,454.160767,1
51.1357956,510.884247,1
51.14201,511.759,1
51.1428947,449.200256,1
51.1431274,523.503967,1
51.26489,475.841949,1
51.30742,507.923553,1
51.3535042,471.322479,1
51.3610764,500.559448,1
51.4073677,479.9246,1
51.4448166,442.13736,1
51.4804573,425.0669,1
51.48522,451.000275,1
51.5318,503.141083,1
51.5470047,480.297333,1
51.550724,481.733154,1
51.7118568,495.313354,1
51.8007736,469.829254,1
51.91674,468.553619,1
52.0160751,459.1378,1
52.0167236,491.740265,1
52.10627,402.8617,1
52.1155052,450.691467,1
52.1176338,439.747528,1
52.2766876,482.169647,1
52.4134865,479.628448,1
52.72066,465.009277,1
52.74871,507.195465,1
52.8508377,433.1244,1
52.8609161,452.177246,1
53.003437,460.301941,1
53.045948,454.853973,1
53.05514,517.1462,1
53.1216545,498.222321,1
53.19569,488.42215,1
53.2355576,536.9091,1
53.3697128,457.684082,1
53.3952026,445.79306,1
53.4396858,448.182983,1
53.5429153,554.0209,1
53.6637268,432.321,1
53.70825,471.123566,1
53.90653,458.05957,1
53.91383,437.9067,1
53.9893265,439.9861,1
54.18973,430.433075,1
54.3823128,488.3539,1
54.42536,454.2318,1
54.4270248,450.939941,1
54.4385834,491.014923,1
54.4854622,508.2665,1
54.5210724,501.855042,1
54.60719,512.5472,1
54.60815,449.129242,1
54.64168,433.337982,1
54.6894722,461.32843,1
54.8037453,448.559235,1
54.86482,437.0416,1
54.89914,441.0411,1
54.94017,438.962341,1
54.95279,509.352448,1
54.96884,424.110382,1
55.009182,436.5283,1
55.0449257,473.621643,1
55.0508156,578.044739,1
55.05694,490.6219,1
55.0891533,449.4481,1
55.23203,431.055328,1
55.25116,452.605255,1
55.52452,442.4772,1
55.62538,510.573669,1
55.627285,463.0133,1
55.9694366,459.427277,1
56.01581,442.781982,1
56.1904259,440.5188,1
56.261898,468.76004,1
56.3308563,421.862823,1
56.61935,428.014923,1
56.7331352,503.3041,1
56.7660332,442.02655,1
57.1347046,438.639252,1
57.14353,441.409058,1
57.15216,449.1785,1
57.16084,492.969971,1
57.19646,611.4277,1
57.2212753,472.69986,1
57.2280579,461.27948,1
57.3268471,461.306549,1
57.67745,436.4165,1
57.8953819,479.237,1
58.1287537,429.5346,1
58.14533,453.3458,1
58.2937126,435.665131,1
58.31254,445.9354,1
58.5489731,487.073181,1
58.8979149,445.7744,1
59.3155861,462.046051,1
59.4506721,519.1207,1
59.51502,514.522766,1
59.6782837,535.006348,1
59.98499,424.951355,1
60.1092873,470.3827,1
60.3212166,449.878357,1
60.3555222,418.4897,1
60.386158,439.415253,1
60.3891945,411.12,1
60.447567,495.874878,1
60.5495949,484.3706,1
60.5933,466.078522,1
60.81647,426.747925,1
60.9098053,475.284454,1
61.0648,436.553528,1
61.25667,477.849548,1
61.58829,485.463226,1
61.6934547,447.1745,1
61.7568741,436.476318,1
61.83961,454.0015,1
61.91632,493.618225,1
61.9843063,487.718719,1
62.0704041,472.3807,1
62.1059151,451.0393,1
62.28365,554.040955,1
62.39316,445.420044,1
62.42853,470.903656,1
62.4784355,474.831238,1
62.72537,471.1774,1
63.1915169,454.163361,1
63.8529358,426.610443,1
63.9038544,523.5035,1
64.01401,600.0704,1
64.19757,465.209869,1
64.2148743,503.596222,1
64.25241,406.762878,1
65.02593,475.221283,1
65.72309,427.4041,1
65.80781,499.1778,1
65.85161,422.14386,1
66.2653,476.9837,1
66.28899,460.0813,1
67.3750153,438.5761,1
67.54838,422.427979,1
67.75556,405.165,1
68.15175,423.102,1
68.61538,442.6143,1
69.60143,519.641052,1
69.64409,412.011963,1
70.62744,405.393,1
71.53454,468.762177,1
72.49722,416.17688,1
72.53501,475.709534,1
75.87904,445.4219,1
77.3058,435.873535,1
78.9949,521.217651,1
81.84675,457.474426,1
85.40404,417.5212,1
87.02774,424.0691,1
88.5625153,574.664734,1
93.84037,420.0965,1
129.97229,452.655579,2
223.575089,417.45343,2
